progress_id,recorded_at,phase,status,mutation_scope,evidence,validation,next_gate
DFPROG-001,2026-07-16,lane foundation,PASS,documentation only,FULL_STACK_DOCUMENTATION_FLUSH_PLAN_V1.md; FULL_STACK_DOCUMENTATION_FLUSH_RECORD_TEMPLATE_V1.md,authority and protected boundaries recorded,inventory comments and HELP paths
DFPROG-002,2026-07-16/2026-07-17,comments escrow and reharvest,PASS,candidate reports then authorized COMMENTS promotion,comments_audit/; comments_reharvest/,235 complete semantic rows; 0 incomplete contracts,rebuild and prove HELP
DFPROG-003,2026-07-16,MAINT documentation reconciliation,PASS,targeted source contracts and evidence,maint_command_review_phase/; SESSION_CLOSEOUT_MAINT_DOCUMENTATION_RECONCILIATION_2026-07-16.md,build runtime comments and SelfDoc checks pass,COMMENTS promotion and HELP rebuild
DFPROG-004,2026-07-16/2026-07-17,COMMENTS SYSCMD HELP promotions,PASS,authorized local data replacements with rollback,metacollect_phase/candidate_v8_contracts_resolved/; help_refresh_execution/,SYSCMD 203/203; HELP 12784 lines 492 topics 449 commands 2506 args,bind refreshed evidence to manualgen
DFPROG-005,2026-07-17,metacollect backlog separation,ROUTED,documentation mission only,docs/maintenance/lanes/metadata/missions/METACOLLECT-238-20260717-001/README.md,175 command plus 63 function findings,execute as independent mission
DFPROG-006,2026-07-17,manualgen harvest and reference,PASS,generated candidates only,MANRUN-20260717T222026Z-28C704E0,14/14 inputs; 631 topics; 12784/12784 lines; 0 unresolved,curate and disposition topics
DFPROG-007,2026-07-17,curation disposition section factory,PASS,generated candidates only,MANRUN-20260717T225704Z-573F2F89; MANRUN-20260717T230554Z-DB3F2DC8,631/631 topics; 49/49 dispositions; 462 approved,reconcile manual structure
DFPROG-008,2026-07-17,structural reconciliation and packets,PASS,generated candidates only,MANRUN-20260717T233746Z-BD33A215; MANRUN-20260717T234222Z-ECBB99AD,462/462 mapped and copied; 13/13 review; 0 missing duplicate unused,risk-ordered prose review
DFPROG-009,2026-07-18 UTC,smallest packet prose review,PASS HUMAN APPROVED FOR GENERATED MERGE,generated prose and decision,MANRUN-20260718T012220Z-6CF3FC93; MANUALGEN_PROSE_REVIEW_DECISION_2026-07-17.md,8/8 topics; 3 candidates; 0 findings,generated selective merge
DFPROG-010,2026-07-18 UTC,selective merge reconciliation,PASS WITH RECONCILED PREFLIGHT,generated candidates only,MANRUN-20260718T020511Z-ADA1E01D; MANRUN-20260718T020630Z-9367A5BA; MANRUN-20260718T020658Z-BFE7F605,2 sections; 1 appendix; 1 reader; 3 diffs; 0 deletions or canonical changes,human contextual review
DFPROG-011,2026-07-18 UTC,living progress record,ACTIVE,documentation workflow only,DOCUMENTATION_FLUSH_PROGRESS_LOG_V1.md; documentation_flush_progress_ledger_v1.csv,11 milestone identifiers aligned,append contextual review outcome
DFPROG-012,2026-07-18 UTC,Pinocchio historical engine baseline,OPEN,documentation and benchmark baseline only,Pinocchio Phase 1 scripts proofs and timing outputs,pending evidence inventory,recover exact before after and machine evidence
DFPROG-013,2026-07-18 UTC,Pinocchio historical engine baseline established,PASS,documentation runner metadata validator and tests only,PINOCCHIO_HISTORICAL_ENGINE_BENCHMARKS_V1.csv; PINOCCHIO_MACHINE_PROFILE_CURRENT_V1.json; SESSION_CLOSEOUT_PINOCCHIO_HISTORICAL_BASELINE_2026-07-18.md,8 rows 0 findings; 13 tests pass; PowerShell parse 0 errors,resume human contextual review and require transcript plus machine profile on future runs
DFPROG-014,2026-07-18 UTC,documentation to website ascent,OPEN,documentation plan and review state only,DOCUMENTATION_TO_X64BASE_COM_ASCENT_V1.md; MANRUN-20260718T020658Z-BFE7F605; AI_PORTAL.md,nine distinct gates preserve manual staging website and live proof boundaries,complete full reader and three diff contextual review
DFPROG-015,2026-07-18 UTC,selective merge contextual review,PASS APPROVED FOR CANONICAL PREFLIGHT,review decision only,MANUALGEN_SELECTIVE_MERGE_CONTEXT_DECISION_2026-07-18.md; MANRUN-20260718T020658Z-BFE7F605,8 topic claims reviewed; 55 section additions; 106 reader additions; 0 deletions or canonical changes,canonical acceptance preflight
DFPROG-016,2026-07-18 UTC,canonical acceptance preflight,HOLD REPAIR AUTHORIZATION REQUIRED,report only pointer audit and preflight,publication_ascent_preflight_v1/; MANUAL_CANONICAL_ACCEPTANCE_PREFLIGHT_V1.md,17 PASS 5 REVIEW 0 FAIL; 4 stale evidence reviews and 1 intentional role split,authorize or decline accepted pointer evidence reconciliation
DFPROG-017,2026-07-18 UTC,pointer evidence reconciliation,AUTHORIZED IN PROGRESS,four accepted evidence fields only,pointer_evidence_reconciliation_20260718T025559Z/,before hashes recorded and active reader hash confirmed,apply repair and rerun pointer audit
DFPROG-018,2026-07-18 UTC,pointer evidence reconciliation completed,PASS,three primary reader evidence fields and one canonical reference hash only,pointer_evidence_reconciliation_20260718T025559Z/ before/ and after_audit/,21 PASS 1 intentional REVIEW 0 FAIL; reader unchanged; 14 plus 28 tests pass,prepare controlled section appendix acceptance plan
DFPROG-019,2026-07-18 UTC,controlled manual acceptance plan,PLAN READY APPLY AUTHORIZATION REQUIRED,documentation plan only,publication_ascent_preflight_v1/MANUALGEN_CONTROLLED_ACCEPTANCE_PLAN_V1.md,current Manualgen has no guarded acceptance command; dry run required before apply,implement and test dry run then request separate canonical apply authorization
DFPROG-020,2026-07-18 UTC,Python 3.12 execution rule,PASS WORKFLOW CORRECTION,.python-version and Manualgen workflow documentation only,.python-version; tools/manualgen/README.md; existing version guard,Python 3.12.9 ran 14 plus 28 tests; pointer audit 21 PASS 1 REVIEW 0 FAIL; AI audit 16/16 valid,use Python 3.12 exclusively and fail instead of fallback
DFPROG-021,2026-07-18 UTC,controlled acceptance EOF drift,FAIL CLOSED RECONCILED,Manualgen candidate planner code tests generated evidence and reconciliation docs only,MANRUN-20260718T031402Z-B472B856; MANRUN-20260718T031643Z-2AAEB361; MANUALGEN_SELECTIVE_MERGE_EOF_RECONCILIATION_2026-07-18.md,regenerated MANRUN-20260718T031554Z-F1F59445 has 33 plus 22 additions 0 deletions 0 canonical changes,rerun controlled acceptance planner
DFPROG-022,2026-07-18 UTC,controlled acceptance plan only,PASS PLAN ONLY APPLY AUTHORIZATION REQUIRED,Manualgen tooling tests generated package and docs only,MANRUN-20260718T031714Z-1A3F1333; SESSION_CLOSEOUT_MANUAL_CONTROLLED_ACCEPTANCE_PLAN_2026-07-18.md,8 mutation rows 8 topics 0 findings apply unavailable planned reader 4082 lines 237 headings; 32 tests pass,review package and authorize or decline canonical apply
DFPROG-023,2026-07-18 UTC,controlled manual acceptance apply,PASS AUTHORIZED APPLY,8 allow listed accepted manual and evidence targets with backup and rollback,MANRUN-20260718T032528Z-F8C6EB67; CANONICAL_APPLY_AUTHORIZATION_2026-07-18.md; docflush_controlled_acceptance_MANRUN-20260718T032528Z-F8C6EB67/,8 of 8 applied 0 findings 0 rollback; sections plus 33 plus 22 reader plus 102 all 0 deletions; pointer 21 1 0; 14 plus 35 tests,next report only publication readiness proof
DFPROG-024,2026-07-18 UTC,manual publication readiness audit,FAIL REPAIR PLAN REQUIRED,report only audit tool tests reports plan and closeout,publication_readiness_v1/; SESSION_CLOSEOUT_MANUAL_PUBLICATION_READINESS_AUDIT_2026-07-18.md,23 PASS 2 REVIEW 1 FAIL; 164 absent link targets; markers 24 versus 13; 14 review status labels; 16 tests pass,build 164 page current evidence reference candidate then disposition reviews
DFPROG-025,2026-07-18 UTC,command reference repair candidate,PASS CANDIDATE ONLY REVIEW REQUIRED,Manualgen code tests README generated candidate ledgers progress dashboard ascent and closeout only,MANRUN-20260718T034751Z-B7DC1EEB; reference MANRUN-20260717T222026Z-28C704E0; disposition MANRUN-20260717T230554Z-DB3F2DC8,164 of 164 pages; 3119 lineage rows; 0 findings; 0 local paths; 4 attention labels; 41 Manualgen tests,review candidate then build marker normalization and 14 label disposition candidate
DFPROG-026,2026-07-18 UTC,repository local Python 3.12 environment,PASS LOCAL CONFIGURATION,ignored .venv312 plus gitignore progress dashboard and closeout only,.venv312 runtime; labtalk requirements; SESSION_CLOSEOUT_PYTHON_312_LABTALK_ENVIRONMENT_2026-07-18.md,Python 3.12.9 PyYAML 6.0.3 pip check clean AI audit green 6 AI Portal and 41 Manualgen tests; tkinter separately unavailable,use .venv312 for documentation Python and keep tkinter separate
DFPROG-027,2026-07-18 UTC,command reference human review book,PASS REVIEW ONLY BYTE DRIFT RECORDED,Manualgen report tooling tests README generated review book progress dashboard ascent repair plan and closeout only,MANRUN-20260718T042100Z-83C94101 from candidate MANRUN-20260718T034751Z-B7DC1EEB,164 index rows 164 combined headings 0 local paths 161 exact pages 3 newline equivalent pages reader newline equivalent drift protected rerun failed closed 43 tests,review book then reconcile reader byte drift before Gate 4 acceptance
DFPROG-028,2026-07-18 UTC,authorized newline byte reconciliation,PASS AUTHORIZED APPLY,exactly one accepted reader and three candidate sample page byte surfaces plus backup evidence and records,NEWLINE_RECONCILIATION_AUTHORIZATION_2026-07-18.json; newline_reconciliation_20260718; docflush_newline_reconciliation_20260718T042726Z,4 of 4 hashes normalized content unchanged reader restored to 7437C555 pointer 21 1 0 all 164 page hashes exact 18 tests,regenerate self indexing candidate then build structure preview
DFPROG-029,2026-07-18 UTC,Gate 4 command and structure candidates,PASS CANDIDATE ONLY STATUS CONFIRMATION REQUIRED,Manualgen report tooling tests README generated candidates and lane records only,MANRUN-20260718T042750Z-E194D003; MANRUN-20260718T043103Z-631C41CA,164 pages index links and combined headings 3119 lineage 0 findings; 11 marker inserts balance 24 24; 14 status proposals history preserved 44 tests,confirm or hold 14 statuses then prepare controlled acceptance plan
DFPROG-030,2026-07-18 UTC,Partial HELP appendix newline correction,PASS AUTHORIZED CORRECTION,exactly one accepted appendix byte surface plus backup evidence authorization and records,NEWLINE_RECONCILIATION_APPENDIX_AUTHORIZATION_2026-07-18.json; newline_reconciliation_appendix_20260718; docflush_newline_reconciliation_20260718T043529Z,appendix restored to accepted 384606 hash normalized content equal readiness 23 PASS 2 REVIEW 1 FAIL 19 tests,confirm or hold 14 statuses before controlled acceptance plan
DFPROG-031,2026-07-18 UTC,all statuses approved and exact Gate 4 plan,PASS PLAN ONLY EXACT APPLY AUTHORIZATION REQUIRED,approval record Manualgen tooling tests README generated plan staged after audit progress dashboard and closeout only,GATE4_STATUS_DISPOSITION_APPROVAL_2026-07-18.json; MANRUN-20260718T045052Z-0D8F14D6; manifest 5DD56C6C; ledger F76C8E06,183 rows 166 create 17 replace 164 pages one index 14 sections reader 24 24 and 164 links zero findings 46 Manualgen 19 fullstack AI audit green; 19 preexisting source gaps and 7 held reviews ledgered,authorize or decline exact plan and ledger hashes then guarded apply and readiness proof
DFPROG-032,2026-07-18 UTC,Gate 4 canonical command reference apply,PASS APPLIED PUBLICATION READY,164 pages one index 14 section statuses accepted reader and three acceptance records; pointer HELP META product source staging website commit push deployment unchanged,GATE4_CANONICAL_APPLY_AUTHORIZATION_2026-07-18.json; MANRUN-20260718T050602Z-2254AACA; backup docflush_gate4_acceptance_MANRUN-20260718T050602Z-2254AACA; execution 46AB3BEA,183 of 183 applied and hashes exact zero findings 17 backups 164 index links reader EA2E12A9 4118 lines 237 headings 24 24 14 history 0 review labels readiness 26 0 0 pointer 21 1 0 tests 48 and 19,Gate 5 human package review then reconcile 19 standalone source destinations and 7 held status occurrences before website projection
DFPROG-033,2026-07-18 UTC,Gate 5 source gap and staging preflight,PASS CANDIDATE ONLY STAGING EXECUTION HELD,Manualgen report tooling tests README Gate 5 lane preflight generated candidate progress ascent dashboard closeout only; accepted manual manifest staging git website unchanged,MANRUN-20260718T131449Z-A1CA452C; manifest 4FE154C6; page ledger D96B3D55; status ledger 0FEFD5DE; C_X64BASE_STAGING_PREFLIGHT_V1.md,19 of 19 supported pages 855 lineage zero attention local paths findings 4 logical statuses from 7 occurrences 49 and 19 tests readiness 26 0 0; staging 20 dirty 7 divergent,review pages statuses and 20 entry manifest delta then reconcile staging before exact mutation plan
DFPROG-034,2026-07-18 UTC,Gate 5 package disposition and exact development plan,PASS PLAN ONLY EXACT APPLY AUTHORIZATION REQUIRED,decision record Manualgen planner test README generated plan progress ascent dashboard closeout only; accepted manual manifest staging git website unchanged,GATE5_SOURCE_PACKAGE_DISPOSITION_APPROVAL_2026-07-18.json; MANRUN-20260718T132924Z-F08CF081; manifest 0E4D0859; ledger 93B00396,25 rows 19 create 6 replace 19 pages 183 link index Navigation 3 records manifest delta zero findings 51 Manualgen 19 fullstack AI audit green,authorize exact development apply by plan manifest and ledger hashes; preserve or reconcile C staging separately
DFPROG-035,2026-07-18 UTC,Gate 5 development documentation apply,PASS APPLIED SOURCE STAGING HELD,19 supplemental pages accepted index Navigation status three records PROMOTE manifest plus apply tooling evidence progress and closeout; reader HELP META product source appendices staging git website unchanged,MANRUN-20260718T134313Z-03C8C09F; authorization 80D00773; execution BC772AA4; backup docflush_gate5_development_MANRUN-20260718T134313Z-03C8C09F,25 of 25 hashes 6 before 25 after 183 pages and links readiness 26 0 0 pointer 21 1 0 53 Manualgen 19 fullstack AI audit green; C staging same 20 paths now 12 equal 8 divergent,byte preserve current C staging then prepare clean overlay plan excluding seven unrelated divergent paths
DFPROG-036,2026-07-18 UTC,Gate 5 staging preservation and selective overlay plan,PASS PRESERVED EXACT STAGING APPLY AUTHORIZATION REQUIRED,Python 3.12 staging tools tests development-side 20-file preservation package generated selective plan progress dashboard ascent closeout; C staging git website unchanged,docflush_gate5_staging_preservation_20260718T135649Z manifest D300FB1B files DE21A574; STAGEPLAN-20260718T140134Z manifest E39FEA37 ledger 3A431D88,20 of 20 files 131935 bytes zero drift; full overlay 559 files 45.95 MB; selective plan 316 files 315 create 1 replace 183 pages zero unrelated intersections leaks or findings 6 tests AI audit green,authorize fresh staging reset plus exact 316-file overlay by manifest and ledger hashes; git and website separate
DFPROG-037,2026-07-18 UTC,Gate 5 public baseline escrow and C recovery mirror,PASS RECOVERY VERIFIED RESET AUTHORIZATION REQUIRED,Python 3.12 escrow tooling tests promotion and rebuild contracts recovery contract corrected plan D escrow C recovery mirror progress dashboard ascent closeout; C x64base git website unchanged,verified escrow generation bundle 151FF076 tar 109B1D23; active executable hashes owned by non overlaid closeout and C recovery pointer,1951 baseline files 92540334 bytes 36 public only 20 dirty 316 overlay; mirror exact bundle verified 9 tests rebuild fails closed without escrow,authorize recovery bound reset from current closeout pointer dirty restore public only retention and corrected overlay; git and website separate
DFPROG-038,2026-07-18 UTC,Gate 5 recovery-bound staging rebuild,PASS APPLIED TO STAGING GIT HELD,recovery reset dirty restore public-only retention 316-file overlay five-file regression amendment,STAGEEXEC-20260718T145818Z; STAGEAMEND-20260718T151029Z,316 of 316 overlay exact; development 54 and 19 pass; staged named evidence skips only,review staged tree then authorize or hold Git publication
DFPROG-039,2026-07-18 UTC,Gate 5 selective Git publication preflight,PASS STAGED COMMIT PUSH PENDING,exact 316-path index plus one reviewed README repair; 19 preserved paths unstaged,overlay ledger; cached diff and whitespace disposition,316 staged zero mismatch zero drift; all whitespace findings classified,commit and push exact documentation transaction
DFPROG-040,2026-07-18 UTC,Gate 5 documentation Git publication,PASS PUBLISHED WEBSITE HELD,316-path public source commit plus lossless dashboard closeout reconciliation,be9350531251bb682f0476d652d99ca137861577; closeout 1b0625d0,remote readback exact; 18 preserved non-overlay paths remain unstaged,build Gate 6 website feed packet
DFPROG-041,2026-07-18 UTC,Gate 6 website feed export packet,PASS REPORT ONLY WEBSITE HELD,Python 3.12 builder validator tests and 11-route reviewed packet,WEBSITEFEED-20260718T155242Z,4,118 lines 237 headings 183 pages 3,974 lineage rows zero findings 26 tests,review route dispositions and prepare exact Gate 7 plan
DFPROG-042,2026-07-18 UTC,Gate 7 exact website integration plan,PASS PLAN WEBSITE BUILD HELD,11 exact route operations with before hashes proof labels and content contracts,GATE7PLAN-20260718T160428Z,30 tests live preflight zero findings nine existing exact two creates absent,authorize or hold exact website apply and build
DFPROG-043,2026-07-18 UTC,Gate 7 website integration apply and local build,PASS APPLIED BUILT GATE 8 HELD,11 website paths and exact public manual blob,GATE7APPLY-20260718T162939Z,117 static pages 32 tests post-apply zero findings manual hash exact,review diff then authorize or hold commit push deployment
DFPROG-044,2026-07-18 UTC,Gate 8 website source and Pages publication,PASS PUBLISHED,11-path website source commit and canonical GitHub Pages publication,43f120a42d0ccd08d877c6468a705e3ba6d01619; 0ef77ea953313fde639d2ba71c7de99f4a79b84a; build 1102357325,source and Pages remote readback exact build status built HTTPS enforced,cache-bypassed live verification and closeout
DFPROG-045,2026-07-18 UTC,Gate 9 live verification and vertical closeout,PASS LIVE GATES 1-9 COMPLETE,cache-bypassed routes manifest release metadata exact manual bytes,GATE9LIVE-20260718T170310Z,all routes and artifacts 200 manual 09B593E9 exact zero findings,close DOCFLUSH and retain METACOLLECT-238 separately
DFPROG-046,2026-07-18 UTC,Post-closeout website progress and Pinocchio preview,PASS LOCAL PREVIEW PUBLICATION HELD,13 local website paths plus progress page Pinocchio page announcement and metadata JSON,WEBSITEDELTA-20260718T180318Z,build 120 pages public-content and TypeScript pass four preview products 200 11 pages zero broken links manual hash exact,maintainer review then promote source evidence rebind metadata and separately authorize live publication
DFPROG-047,2026-07-18 UTC,Public-source evidence promotion,PASS PUBLISHED,33 exact documentation progress Pinocchio Gate 6-9 runner validator and focused-test paths,853937f1f612c1a41a8fbda2c8d99e55fe44b9a3; SOURCEPROMOTE-20260718T181000Z,33 hashes exact Pinocchio eight rows 15 tests scope findings zero,publish rebound website projection
DFPROG-048,2026-07-18 UTC,Website progress publication and live closeout,PASS LIVE,13 exact website paths plus 120-page build Pages deployment and cache-bypassed verification,780ffb89ad3bc09f4629b60645374c834c17588b; 0011f641b074a93b7b5a187a71957af7f6543e13; build 1102481785,all human and machine routes 200 zero leaks release binding exact manual hash exact,close progress projection retain METACOLLECT-238 separately
